,train_runtime,train_samples_per_second,train_steps_per_second,total_flos,train_loss,epoch,eval_loss,eval_accuracy,eval_f1,eval_precision,eval_recall,eval_roc_auc,eval_runtime,eval_samples_per_second,eval_steps_per_second
esm2_t6_8M_UR50D,1728.3349,35.306,2.208,2906152539955200.0,0.18038398314821896,3,0.18638521432876587,0.9405484613774335,0.9405484613774335,0.9405484613774335,0.9405484613774335,0.9774597857838364,33.4969,142.61,17.852
esm2_t12_35M_UR50D,3938.9578,15.491,0.969,1.28010398312448e+16,0.13298132834444507,3,0.13525325059890747,0.9510152815574628,0.9510152815574628,0.9510152815574628,0.9510152815574628,0.9867152223304122,75.9346,62.909,7.875
esm2_t30_150M_UR50D,,,,,0.0348,3,0.12779,0.968181,0.968181,0.968181,0.968181,0.992744,,,
esm2_t33_650M_UR50D,11260.8862,5.419,0.339,5.62100528277504e+16,0.08487767,3,0.083134577,0.9738329495499267,0.9738329495499267,0.9738329495499267,0.9738329495499267,0.9969078870496593,214.2689,22.294,2.791
