,train_runtime,train_samples_per_second,train_steps_per_second,total_flos,train_loss,epoch,eval_loss,eval_accuracy,eval_f1,eval_precision,eval_recall,eval_roc_auc,eval_runtime,eval_samples_per_second,eval_steps_per_second
esm2_t6_8M_UR50D,1588.6776,38.409,2.402,2961046405324800.0,0.15727804441871884,3.0,0.20313017070293427,0.9472472262926523,0.9215226255034061,0.9233428398582664,0.9197351509250243,0.9808765985069783,31.241,152.908,19.142
esm2_t12_35M_UR50D,3539.3568,17.24,1.078,1.29612075485184e+16,0.1096854179910144,3.0,0.18489570915699005,0.9583420556834834,0.9381379853969872,0.9392334309289326,0.9370539435248296,0.9868667315806557,67.5681,70.699,8.85
esm2_t30_150M_UR50D,9839.0309,6.202,0.388,5.67349899429888e+16,0.07722368780172097,3.0,0.12058979272842407,0.9698555578815156,0.9554094545273515,0.9547692126046639,0.9560534891269068,0.9925721518987342,186.6819,25.589,3.203
esm2_t33_650M_UR50D,16903.0131,3.61,0.226,2.469858576132096e+17,0.06412847974265397,3.0,0.0855686143040657,0.9786476868327402,0.968481618902723,0.9668493030595249,0.9701380071405388,0.996656799740344,335.2372,14.25,1.784
